outage_branch,outage_from_bus,outage_from_name,outage_to_bus,outage_to_name,outage_base_loading_pct,status,component_count,component_sizes,converged,max_loading_pct,worst_branch,worst_from_bus,worst_from_name,worst_to_bus,worst_to_name,overloaded_branch_count,min_voltage_pu,min_voltage_bus,min_voltage_name,voltage_violation_count,max_voltage_violation_pu,ac_loss_mw,message
1,1,철원,2,연천,12.951082840724906,OK,1,,True,98.49708169866683,264,134,광양,193,남해,0,0.9595377438594281,72,홍천,0,0.0,832.2171893564664,
2,1,철원,3,포천,9.829398711133297,OK,1,,True,98.49170921011832,264,134,광양,193,남해,0,0.9595793688749344,72,홍천,0,0.0,832.0968846672185,
3,1,철원,66,화천,28.65892072589461,OK,1,,True,98.58435626446654,264,134,광양,193,남해,0,0.9570772154133615,67,양구,0,0.0,833.7700397964945,
4,2,연천,3,포천,4.684857341913984,OK,1,,True,98.48414175745917,264,134,광양,193,남해,0,0.9599622419366495,72,홍천,0,0.0,832.3446431449993,
5,2,연천,4,동두천,6.76695844670191,OK,1,,True,98.4842139475984,264,134,광양,193,남해,0,0.9601896393771858,72,홍천,0,0.0,832.1148000348039,
6,2,연천,6,강화,7.95394540021276,OK,1,,True,98.48957378788991,264,134,광양,193,남해,0,0.9601912957401888,72,홍천,0,0.0,832.4578840078029,
7,3,포천,4,동두천,22.93317006095305,OK,1,,True,98.53131430712733,264,134,광양,193,남해,0,0.9601584717602357,72,홍천,0,0.0,835.5125647820387,
8,3,포천,7,경기북부,6.554315042226075,OK,1,,True,98.48423306520463,264,134,광양,193,남해,0,0.9601535400125581,72,홍천,0,0.0,832.0092695350759,
9,3,포천,28,양평,42.24378560278411,LIMIT_VIOLATION,1,,True,104.7660152093941,43,16,남양주,28,양평,1,0.9582880094760017,67,양구,0,0.0,849.3129670247581,
10,4,동두천,7,경기북부,2.5056393035373263,OK,1,,True,98.48260193928989,264,134,광양,193,남해,0,0.9601629772563295,72,홍천,0,0.0,832.06986124799,
11,4,동두천,8,파주,22.260785275620552,OK,1,,True,98.55868186887268,264,134,광양,193,남해,0,0.9602116261323049,72,홍천,0,0.0,837.8895612264168,
12,5,가평,16,남양주,20.96568411612005,OK,1,,True,98.53333515206552,264,134,광양,193,남해,0,0.957088852084547,72,홍천,0,0.0,832.1692170797614,
13,5,가평,20,하남,20.157749406464923,OK,1,,True,98.53030434379508,264,134,광양,193,남해,0,0.9577960125657538,72,홍천,0,0.0,832.2686880959518,
14,5,가평,66,화천,22.607340753944257,OK,1,,True,98.52429649075927,264,134,광양,193,남해,0,0.9590762997801819,67,양구,0,0.0,832.9207092073193,
15,5,가평,70,강원,25.85243860513769,OK,1,,True,98.55578173424242,264,134,광양,193,남해,0,0.9552925698946325,72,홍천,0,0.0,832.2861561888858,
16,6,강화,8,파주,1.684277459562879,OK,1,,True,98.48201881545539,264,134,광양,193,남해,0,0.9602068729202965,72,홍천,0,0.0,832.0031360411813,
17,6,강화,11,김포,1.3751308011676475,OK,1,,True,98.48249452290176,264,134,광양,193,남해,0,0.96020440738131,72,홍천,0,0.0,832.0251998164895,
18,7,경기북부,9,노원도봉,22.172142128906184,OK,1,,True,98.49212558451367,264,134,광양,193,남해,0,0.96015017217359,72,홍천,0,0.0,832.451964991822,
19,7,경기북부,14,서대문은평,23.952858604964227,OK,1,,True,98.52788853114122,264,134,광양,193,남해,0,0.9600066678443272,72,홍천,0,0.0,834.443706660415,
20,7,경기북부,28,양평,54.02782656901483,LIMIT_VIOLATION,1,,True,108.81333010754935,43,16,남양주,28,양평,1,0.9592926869298892,72,홍천,0,0.0,849.9829097213951,
21,8,파주,10,고양,44.44443596509993,OK,1,,True,98.45893872838151,264,134,광양,193,남해,0,0.9600823028196097,72,홍천,0,0.0,829.7175502883329,
22,8,파주,11,김포,9.405667848438078,OK,1,,True,98.47923689606802,264,134,광양,193,남해,0,0.960231699896576,72,홍천,0,0.0,831.1392190169136,
23,8,파주,14,서대문은평,14.861410670178707,OK,1,,True,98.49728836335706,264,134,광양,193,남해,0,0.9601728239940109,72,홍천,0,0.0,834.4709404825844,
24,9,노원도봉,12,강북성북,27.013752316110384,OK,1,,True,98.48323526974185,264,134,광양,193,남해,0,0.9602157824681846,72,홍천,0,0.0,832.1140849080257,
25,9,노원도봉,13,동대문중랑,8.169475446850285,OK,1,,True,98.48245518517213,264,134,광양,193,남해,0,0.9602106198239116,72,홍천,0,0.0,832.0376842389669,
26,9,노원도봉,15,구리,41.355108646817555,OK,1,,True,98.48380160706719,264,134,광양,193,남해,0,0.9602106153957469,72,홍천,0,0.0,832.2337076716649,
27,10,고양,14,서대문은평,8.948629883248755,OK,1,,True,98.48448001058827,264,134,광양,193,남해,0,0.9602166801674474,72,홍천,0,0.0,832.3698508681991,
28,10,고양,24,강서양천,66.88346032974873,OK,1,,True,98.45137659094264,264,134,광양,193,남해,0,0.9601878503463008,72,홍천,0,0.0,829.5695080162259,
29,11,김포,21,서인천,13.687362021327631,OK,1,,True,98.49220965636295,264,134,광양,193,남해,0,0.9601651433153644,72,홍천,0,0.0,834.3683554651361,
30,11,김포,25,인천,6.6731994829315635,OK,1,,True,98.48315355490863,264,134,광양,193,남해,0,0.9602098129214574,72,홍천,0,0.0,832.2056598223426,
31,12,강북성북,14,서대문은평,0.6385399795647779,OK,1,,True,98.48229039943706,264,134,광양,193,남해,0,0.9602155618106437,72,홍천,0,0.0,832.0295407353988,
32,12,강북성북,18,서울,21.979765316965295,OK,1,,True,98.48334344352875,264,134,광양,193,남해,0,0.960197903484056,72,홍천,0,0.0,832.1945827341551,
33,13,동대문중랑,16,남양주,3.6625520913430245,OK,1,,True,98.48260691168467,264,134,광양,193,남해,0,0.9602165066724226,72,홍천,0,0.0,832.0852356135292,
34,13,동대문중랑,17,광진성동,34.14691179145701,OK,1,,True,98.48364233439122,264,134,광양,193,남해,0,0.960203575456092,72,홍천,0,0.0,832.2712516856409,
35,13,동대문중랑,22,강동송파,3.029851908360957,OK,1,,True,98.48249846747862,264,134,광양,193,남해,0,0.9602161676906317,72,홍천,0,0.0,832.0732920718729,
36,14,서대문은평,18,서울,34.99064911126474,OK,1,,True,98.48462010811217,264,134,광양,193,남해,0,0.9602458689505243,72,홍천,0,0.0,832.410240584999,
37,14,서대문은평,19,마포용산,10.687800268119469,OK,1,,True,98.48296507414685,264,134,광양,193,남해,0,0.9602025724297266,72,홍천,0,0.0,832.0528207910538,
38,14,서대문은평,23,남서울,29.109691119586223,OK,1,,True,98.48352693301128,264,134,광양,193,남해,0,0.9602174257619541,72,홍천,0,0.0,832.1287623045646,
39,15,구리,16,남양주,56.97399666490247,OK,1,,True,98.48437263044028,264,134,광양,193,남해,0,0.9602137119389935,72,홍천,0,0.0,832.342847725813,
40,16,남양주,17,광진성동,60.66727505426501,LIMIT_VIOLATION,1,,True,320.8844182751967,39,15,구리,16,남양주,6,0.960746694292052,72,홍천,0,0.0,860.1722744008002,
41,16,남양주,20,하남,5.026580205302707,OK,1,,True,98.48236459023241,264,134,광양,193,남해,0,0.9600598506085554,72,홍천,0,0.0,832.0669675862591,
42,16,남양주,22,강동송파,11.604217518164116,OK,1,,True,98.48096946255819,264,134,광양,193,남해,0,0.9601783848795391,72,홍천,0,0.0,831.9478580734867,
43,16,남양주,28,양평,94.69043695472702,LIMIT_VIOLATION,1,,True,103.99975531297166,42,16,남양주,22,강동송파,1,0.9538397476622401,67,양구,0,0.0,917.329561607301,
44,17,광진성동,18,서울,69.33745733663923,LIMIT_VIOLATION,1,,True,264.80486803226444,24,9,노원도봉,12,강북성북,6,0.9610348030919916,72,홍천,0,0.0,851.7707140331913,
45,18,서울,19,마포용산,54.14838590871207,LIMIT_VIOLATION,1,,True,130.16189926073943,36,14,서대문은평,18,서울,1,0.9604766725437309,72,홍천,0,0.0,834.8320303283399,
46,18,서울,30,서초,1.6483811944256723,OK,1,,True,98.48216376758565,264,134,광양,193,남해,0,0.9602146286723184,72,홍천,0,0.0,832.0228764647181,
47,19,마포용산,23,남서울,52.271143635034456,LIMIT_VIOLATION,1,,True,180.4632765562158,38,14,서대문은평,23,남서울,1,0.9602130393408485,72,홍천,0,0.0,836.1056980609283,
48,20,하남,22,강동송파,4.950508616126015,OK,1,,True,98.48226297499741,264,134,광양,193,남해,0,0.9600658663093238,72,홍천,0,0.0,832.0620524401456,
49,21,서인천,25,인천,2.210483129759624,OK,1,,True,98.48232041158177,264,134,광양,193,남해,0,0.9602151928719134,72,홍천,0,0.0,832.025945643094,
50,21,서인천,34,제물포,26.840856218874006,LIMIT_VIOLATION,1,,True,104.95856832965433,62,26,부천,34,제물포,1,0.9601692232735317,72,홍천,0,0.0,836.4609286086197,
51,22,강동송파,29,강남,33.46120677241619,OK,1,,True,98.4967071405696,264,134,광양,193,남해,0,0.9602452428015844,72,홍천,0,0.0,832.8315562905482,
52,22,강동송파,36,성남,1.89745730109704,OK,1,,True,98.48255858366555,264,134,광양,193,남해,0,0.960224451319076,72,홍천,0,0.0,832.0550424317917,
53,22,강동송파,38,광주,37.73326891964815,OK,1,,True,98.56863144901375,264,134,광양,193,남해,0,0.9598135939785852,72,홍천,0,0.0,833.8556654309796,
54,22,강동송파,46,동용인,20.107528829577177,OK,1,,True,98.45554311974371,264,134,광양,193,남해,0,0.9600859377697948,72,홍천,0,0.0,832.850026862885,
55,23,남서울,24,강서양천,25.646684030466844,OK,1,,True,98.49428851920804,264,134,광양,193,남해,0,0.9602104747180179,72,홍천,0,0.0,832.4051160595118,
56,23,남서울,32,광명,21.752640583738906,OK,1,,True,98.48644824396885,264,134,광양,193,남해,0,0.9602169266205849,72,홍천,0,0.0,832.120674524398,
57,23,남서울,33,구로금천,32.3605956079908,OK,1,,True,98.48302643783725,264,134,광양,193,남해,0,0.9602152816805231,72,홍천,0,0.0,832.0932559263456,
58,24,강서양천,26,부천,56.732581179264706,OK,1,,True,98.45665169170013,264,134,광양,193,남해,0,0.9602084058734423,72,홍천,0,0.0,830.5652951643424,
59,25,인천,26,부천,9.373923623981566,OK,1,,True,98.48257926392742,264,134,광양,193,남해,0,0.9602145354932016,72,홍천,0,0.0,832.1355275839596,
60,25,인천,34,제물포,9.544709350096774,OK,1,,True,98.48279094019959,264,134,광양,193,남해,0,0.9602142322299075,72,홍천,0,0.0,832.2198331505206,
61,26,부천,32,광명,4.101061636676796,OK,1,,True,98.48226528446564,264,134,광양,193,남해,0,0.9602154464019526,72,홍천,0,0.0,831.9767244854011,
62,26,부천,34,제물포,79.12250425510042,OK,1,,True,98.43250673181531,264,134,광양,193,남해,0,0.9601847752541611,72,홍천,0,0.0,832.17669810605,
63,27,영종,34,제물포,3.523796382706394,ISLANDING,2,192+1,False,nan,,,,,,,nan,,,,nan,nan,AC 계통이 분리되어 단일 slack AC-PF를 생략함
64,28,양평,38,광주,47.11860718326478,OK,1,,True,99.2625583033458,43,16,남양주,28,양평,0,0.9599632481943793,72,홍천,0,0.0,836.12362343118,
65,28,양평,41,여주,11.48789973722462,OK,1,,True,98.47384284372217,264,134,광양,193,남해,0,0.959213905961264,72,홍천,0,0.0,832.8315744674474,
66,28,양평,50,안성,13.646648956816415,LIMIT_VIOLATION,1,,True,104.28123696835765,43,16,남양주,28,양평,1,0.9589612204888852,72,홍천,0,0.0,843.0889626705612,
67,28,양평,80,태백,52.006808878524744,LIMIT_VIOLATION,1,,True,230.0321132586864,170,82,울진,86,영주,29,0.73174101895744,67,양구,31,0.18298651781438036,2828.164010772467,
68,29,강남,30,서초,42.420346519512506,OK,1,,True,98.49774432447252,264,134,광양,193,남해,0,0.9602060508358538,72,홍천,0,0.0,835.1074391041038,
69,29,강남,36,성남,38.73403192033113,OK,1,,True,98.4730205890262,264,134,광양,193,남해,0,0.96010449748362,72,홍천,0,0.0,833.5865301487211,
70,30,서초,31,관악동작,13.940598006193994,OK,1,,True,98.48459476458271,264,134,광양,193,남해,0,0.9602185139779269,72,홍천,0,0.0,832.4912689858611,
71,31,관악동작,33,구로금천,30.53870721616195,OK,1,,True,98.48079221407163,264,134,광양,193,남해,0,0.9602148705433021,72,홍천,0,0.0,831.6860259499372,
72,31,관악동작,36,성남,5.179152796367552,OK,1,,True,98.48302079848223,264,134,광양,193,남해,0,0.9602142133231982,72,홍천,0,0.0,832.1937380331801,
73,32,광명,33,구로금천,40.75770047400746,OK,1,,True,98.48414066228852,264,134,광양,193,남해,0,0.9602130623268142,72,홍천,0,0.0,832.46539860536,
74,32,광명,37,남인천,7.541132544873778,OK,1,,True,98.47861183247414,264,134,광양,193,남해,0,0.9602093363864597,72,홍천,0,0.0,832.5047577682853,
75,32,광명,44,서수원,15.858239433683336,OK,1,,True,98.45326015052393,264,134,광양,193,남해,0,0.9601746276005831,72,홍천,0,0.0,833.1760852070875,
76,34,제물포,37,남인천,30.809440448324143,OK,1,,True,98.43353124341834,264,134,광양,193,남해,0,0.9601554770623288,72,홍천,0,0.0,831.812220510983,
77,35,시흥,37,남인천,7.867036406382353,OK,1,,True,98.48610938297838,264,134,광양,193,남해,0,0.9602185432223711,72,홍천,0,0.0,832.1871210630634,
78,35,시흥,40,안산,30.29888786609086,OK,1,,True,98.4823751687913,264,134,광양,193,남해,0,0.9602064381317771,72,홍천,0,0.0,833.1731033348624,
79,36,성남,38,광주,25.180387765817606,OK,1,,True,98.4982170839571,264,134,광양,193,남해,0,0.9601742556373288,72,홍천,0,0.0,832.4491313434119,
80,36,성남,43,경기,9.06217964850673,OK,1,,True,98.4896048999137,264,134,광양,193,남해,0,0.960220222594247,72,홍천,0,0.0,832.3119593143492,
81,36,성남,44,서수원,12.153147108325303,OK,1,,True,98.45579614598145,264,134,광양,193,남해,0,0.9601885284952313,72,홍천,0,0.0,832.0920302323502,
82,36,성남,46,동용인,27.58900611348261,OK,1,,True,98.45144099889913,264,134,광양,193,남해,0,0.9601554569065535,72,홍천,0,0.0,834.3666567163746,
83,37,남인천,40,안산,40.117941729866,OK,1,,True,98.30902861914542,264,134,광양,193,남해,0,0.9599154949494902,72,홍천,0,0.0,844.3425677929044,
84,38,광주,42,이천,16.410067011985934,OK,1,,True,98.49369269251834,264,134,광양,193,남해,0,0.9603071268382201,72,홍천,0,0.0,831.9230292784778,
85,38,광주,45,서용인,8.742836876034557,OK,1,,True,98.47656060888391,264,134,광양,193,남해,0,0.9601785363375709,72,홍천,0,0.0,832.0691525090806,
86,38,광주,46,동용인,5.9969747565314755,OK,1,,True,98.48245423566455,264,134,광양,193,남해,0,0.9601874258619716,72,홍천,0,0.0,832.0166933381988,
87,38,광주,84,충주,36.423549046934056,OK,1,,True,98.98072376451532,264,134,광양,193,남해,0,0.9579687022229271,72,홍천,0,0.0,836.3338623046293,
88,39,안양,44,서수원,37.60079013117351,ISLANDING,2,192+1,False,nan,,,,,,,nan,,,,nan,nan,AC 계통이 분리되어 단일 slack AC-PF를 생략함
89,40,안산,44,서수원,31.976895885483852,OK,1,,True,98.50225153095606,264,134,광양,193,남해,0,0.9602239632801834,72,홍천,0,0.0,835.1108269639954,
90,40,안산,47,화성,43.808737169209145,OK,1,,True,98.96799331416263,264,134,광양,193,남해,0,0.9605673984438259,72,홍천,0,0.0,849.1103024160839,
91,41,여주,42,이천,27.166558707200682,OK,1,,True,98.54198715620875,264,134,광양,193,남해,0,0.9598057813226676,72,홍천,0,0.0,833.0408433521807,
92,41,여주,52,음성,7.3285012914624845,OK,1,,True,98.4941324616448,264,134,광양,193,남해,0,0.9597738142257796,72,홍천,0,0.0,832.0730840282195,
93,41,여주,77,원주,44.78118808574877,OK,1,,True,98.81997472035215,264,134,광양,193,남해,0,0.9530281179954299,77,원주,0,0.0,832.5862150039029,
94,42,이천,46,동용인,18.350459273925424,OK,1,,True,98.51035807307532,264,134,광양,193,남해,0,0.9603001170417352,72,홍천,0,0.0,831.6174782532908,
95,42,이천,84,충주,17.40864117651296,OK,1,,True,98.5352179446825,264,134,광양,193,남해,0,0.959859659775445,72,홍천,0,0.0,832.2470260694099,
96,43,경기,44,서수원,56.36081365889495,OK,1,,True,98.47707294709087,264,134,광양,193,남해,0,0.9601715731260809,72,홍천,0,0.0,837.6251898408664,
97,44,서수원,48,오산,20.734820067711432,OK,1,,True,98.47941263068158,264,134,광양,193,남해,0,0.9602013005229713,72,홍천,0,0.0,832.5707229759428,
98,44,서수원,57,아산,51.32290791205813,OK,1,,True,99.48629749109053,43,16,남양주,28,양평,0,0.9596787573223763,72,홍천,0,0.0,842.4865810655319,
99,45,서용인,46,동용인,27.421841664829593,OK,1,,True,98.45234134379713,264,134,광양,193,남해,0,0.9601300409322706,72,홍천,0,0.0,833.6440052452526,
100,45,서용인,50,안성,42.48750296292999,OK,1,,True,98.41943537464657,264,134,광양,193,남해,0,0.9599862082810047,72,홍천,0,0.0,838.3378534166986,
101,46,동용인,48,오산,10.215894573009312,OK,1,,True,98.47763720512633,264,134,광양,193,남해,0,0.9602033433238119,72,홍천,0,0.0,832.0531029720441,
102,46,동용인,50,안성,60.17694324057656,OK,1,,True,99.85514051320227,43,16,남양주,28,양평,0,0.9598115862423626,72,홍천,0,0.0,842.3549514323677,
103,47,화성,49,서평택,28.904576837818862,OK,1,,True,98.47747074472703,264,134,광양,193,남해,0,0.9601720820884896,72,홍천,0,0.0,833.2131470659224,
104,47,화성,60,예산,67.73518103757888,LIMIT_VIOLATION,1,,True,100.32306156102099,90,40,안산,47,화성,2,0.9595324699847754,72,홍천,0,0.0,856.8920917672076,
105,48,오산,49,서평택,15.20311887893018,OK,1,,True,98.46715419036569,264,134,광양,193,남해,0,0.9601906730972083,72,홍천,0,0.0,832.098687818434,
106,48,오산,51,평택,44.10316848680472,OK,1,,True,98.46121304298953,264,134,광양,193,남해,0,0.960112266979896,72,홍천,0,0.0,834.0075564246363,
107,49,서평택,51,평택,24.712603961539376,OK,1,,True,98.50056226586526,264,134,광양,193,남해,0,0.9601660815890771,72,홍천,0,0.0,834.2122006240243,
108,49,서평택,53,당진,50.41850602487583,OK,1,,True,98.39246510420179,264,134,광양,193,남해,0,0.9601346569572634,72,홍천,0,0.0,834.337970700537,
109,50,안성,51,평택,28.21778448801142,OK,1,,True,98.47445990648444,264,134,광양,193,남해,0,0.9599772441444522,72,홍천,0,0.0,832.3147513962758,
110,50,안성,54,진천,5.6618072575425105,OK,1,,True,98.47664233302703,264,134,광양,193,남해,0,0.9601443103529106,72,홍천,0,0.0,831.8601169469039,
111,50,안성,62,충북,8.011776733316447,OK,1,,True,98.1528947848314,264,134,광양,193,남해,0,0.9598736619206599,72,홍천,0,0.0,837.9054218209494,
112,51,평택,55,천안,18.230136557735026,OK,1,,True,98.44510048307039,264,134,광양,193,남해,0,0.9602008198130229,72,홍천,0,0.0,831.6913465224789,
113,51,평택,57,아산,13.273600989596702,OK,1,,True,98.4551579611692,264,134,광양,193,남해,0,0.9602066302277728,72,홍천,0,0.0,831.7936836517765,
114,52,음성,54,진천,11.866774890201139,OK,1,,True,98.4731586668387,264,134,광양,193,남해,0,0.9599227307651585,72,홍천,0,0.0,832.3249576461094,
115,52,음성,56,증평괴산,6.7937190964932554,OK,1,,True,98.48944661506026,264,134,광양,193,남해,0,0.9600515419508086,72,홍천,0,0.0,832.0119698145427,
116,52,음성,84,충주,35.47929807984925,OK,1,,True,98.67686979138267,264,134,광양,193,남해,0,0.9596313675462139,72,홍천,0,0.0,831.9520143996051,
117,53,당진,55,천안,34.97460064405829,OK,1,,True,98.51952934865288,264,134,광양,193,남해,0,0.960122508734049,72,홍천,0,0.0,840.8596105274919,
118,53,당진,58,서산,67.41860401275245,OK,1,,True,98.53276140075187,264,134,광양,193,남해,0,0.9601725533399212,72,홍천,0,0.0,841.1216439192212,
119,53,당진,63,홍성,5.9600190078331865,OK,1,,True,98.4910863442812,264,134,광양,193,남해,0,0.9600766406399025,72,홍천,0,0.0,833.8655726248835,
120,54,진천,55,천안,14.416794301381678,OK,1,,True,98.45680602323533,264,134,광양,193,남해,0,0.9601887899821979,72,홍천,0,0.0,831.9529780785087,
121,54,진천,61,동청주,3.1950220242843907,OK,1,,True,98.48072152449289,264,134,광양,193,남해,0,0.9602097325754134,72,홍천,0,0.0,832.0391019208473,
122,54,진천,62,충북,16.77311465269296,OK,1,,True,98.44948075330797,264,134,광양,193,남해,0,0.9601251181974327,72,홍천,0,0.0,832.8537825750682,
123,55,천안,57,아산,12.560899588071504,OK,1,,True,98.49803351886773,264,134,광양,193,남해,0,0.9602219358098772,72,홍천,0,0.0,832.2063136671059,
124,55,천안,64,세종,6.241447884414958,OK,1,,True,98.48052325512245,264,134,광양,193,남해,0,0.9601960526854167,72,홍천,0,0.0,832.0331541739579,
125,56,증평괴산,61,동청주,16.45060696027169,OK,1,,True,98.4519366730413,264,134,광양,193,남해,0,0.9599355040841077,72,홍천,0,0.0,833.070708611689,
126,57,아산,60,예산,28.51074384701566,OK,1,,True,98.47425846818597,264,134,광양,193,남해,0,0.960209817508248,72,홍천,0,0.0,832.6600668709143,
127,57,아산,97,청양,67.39555826575216,OK,1,,True,97.4146250013882,264,134,광양,193,남해,0,0.9596639733836809,72,홍천,0,0.0,852.0367120405572,
128,58,서산,59,태안,80.19378373393438,ISLANDING,2,192+1,False,nan,,,,,,,nan,,,,nan,nan,AC 계통이 분리되어 단일 slack AC-PF를 생략함
129,58,서산,63,홍성,57.639020393273036,LIMIT_VIOLATION,1,,True,182.6965901908282,118,53,당진,58,서산,1,0.9602033352770634,72,홍천,0,0.0,861.7225769449287,
130,60,예산,63,홍성,23.411201153507808,OK,1,,True,98.54469790870243,264,134,광양,193,남해,0,0.9602203006123418,72,홍천,0,0.0,832.043491040793,
131,60,예산,100,보령,69.08327236213319,OK,1,,True,97.55515890964443,264,134,광양,193,남해,0,0.9596941323667815,72,홍천,0,0.0,858.0847741551261,
132,61,동청주,62,충북,27.640748537481493,OK,1,,True,98.47594337301867,264,134,광양,193,남해,0,0.9601810490735633,72,홍천,0,0.0,832.9277119739709,
133,62,충북,63,홍성,18.459608116500366,OK,1,,True,97.96747418302402,264,134,광양,193,남해,0,0.9597347246512131,72,홍천,0,0.0,881.0561626338604,
134,62,충북,64,세종,40.83430067650617,OK,1,,True,98.04133644855717,264,134,광양,193,남해,0,0.9597440645378277,72,홍천,0,0.0,830.6758374691271,
135,63,홍성,97,청양,32.01098867861202,OK,1,,True,98.32990832994118,264,134,광양,193,남해,0,0.960160177831256,72,홍천,0,0.0,833.3106297202467,
136,64,세종,96,공주,29.32534889478811,OK,1,,True,98.32619476563414,264,134,광양,193,남해,0,0.9602167056894818,72,홍천,0,0.0,833.0149795429461,
137,64,세종,98,대전세종충남,6.85123602678797,OK,1,,True,98.48879024359137,264,134,광양,193,남해,0,0.9602203554425146,72,홍천,0,0.0,832.1467015473463,
138,64,세종,99,대덕유성,14.903838528388727,OK,1,,True,98.5210745260084,264,134,광양,193,남해,0,0.9602313679983958,72,홍천,0,0.0,832.5699125115061,
139,64,세종,102,옥천,28.479979106017655,OK,1,,True,98.44264101167384,264,134,광양,193,남해,0,0.9596085032769429,72,홍천,0,0.0,837.6823919060407,
140,65,속초고성,68,양양,52.844584641381296,OK,1,,True,98.67544880712076,264,134,광양,193,남해,0,0.9481608262315205,65,속초고성,0,0.0,842.5754005558847,
141,65,속초고성,69,인제,43.47563155134139,OK,1,,True,98.62982296960222,264,134,광양,193,남해,0,0.9562170041450596,69,인제,0,0.0,838.52552846451,
142,66,화천,67,양구,63.22479182576964,OK,1,,True,98.87410991908826,264,134,광양,193,남해,0,0.9551710285686419,72,홍천,0,0.0,844.3003635335626,
143,66,화천,70,강원,9.883468210929692,OK,1,,True,98.48069332825071,264,134,광양,193,남해,0,0.9583313651328161,72,홍천,0,0.0,832.5160046903475,
144,67,양구,69,인제,65.278769724503,OK,1,,True,98.89640685514999,264,134,광양,193,남해,0,0.9546266214908514,72,홍천,0,0.0,845.8572204754746,
145,68,양양,69,인제,65.86121267675226,OK,1,,True,98.75424050650228,264,134,광양,193,남해,0,0.954605081174715,69,인제,0,0.0,844.7175277244096,
146,68,양양,71,강릉,51.61116578011574,OK,1,,True,99.9822792360125,43,16,남양주,28,양평,0,0.9503839898458217,78,평창,0,0.0,884.2696994371217,
147,69,인제,72,홍천,37.649706588693675,OK,1,,True,98.57280598218436,264,134,광양,193,남해,0,0.9580326577591399,67,양구,0,0.0,838.40855561434,
148,70,강원,72,홍천,40.272253693576104,OK,1,,True,98.68695307067709,264,134,광양,193,남해,0,0.9578653410036007,72,홍천,0,0.0,835.580485622384,
149,71,강릉,73,동해,5.792450458824522,OK,1,,True,98.45640678353818,264,134,광양,193,남해,0,0.9562945440815493,67,양구,0,0.0,836.1059401292732,
150,71,강릉,78,평창,53.55101844059843,OK,1,,True,98.53964547392873,264,134,광양,193,남해,0,0.9556314717592204,69,인제,0,0.0,843.9278656388633,
151,72,홍천,74,횡성,12.59969549612388,OK,1,,True,98.53214746384259,264,134,광양,193,남해,0,0.9579984774308844,72,홍천,0,0.0,832.2946911646868,
152,73,동해,75,삼척,79.83579536166012,LIMIT_VIOLATION,1,,True,126.24785779937086,159,75,삼척,82,울진,1,0.9699307470110645,74,횡성,0,0.0,842.5388752176368,
153,73,동해,76,정선,42.45550525953409,OK,1,,True,98.45871289036724,264,134,광양,193,남해,0,0.9589447537948821,72,홍천,0,0.0,839.9372508342349,
154,73,동해,79,영월,40.89909900567019,OK,1,,True,98.45562421551448,264,134,광양,193,남해,0,0.9590007181730368,72,홍천,0,0.0,838.9107558158721,
155,73,동해,80,태백,47.145822800948224,OK,1,,True,98.6035798769058,264,134,광양,193,남해,0,0.958189328351141,72,홍천,0,0.0,839.8726805503102,
156,73,동해,81,제천,83.52791494062329,OK,1,,True,99.3013214681349,170,82,울진,86,영주,0,0.9480336884709429,69,인제,0,0.0,893.1909718907264,
157,74,횡성,77,원주,24.04529363105296,OK,1,,True,98.50493515649312,264,134,광양,193,남해,0,0.9575254680550407,74,횡성,0,0.0,833.5076018484979,
158,74,횡성,78,평창,44.72512494833371,OK,1,,True,98.73036395841623,264,134,광양,193,남해,0,0.9571000650069011,69,인제,0,0.0,838.6874862512195,
159,75,삼척,82,울진,46.69522767409334,LIMIT_VIOLATION,1,,True,126.19899737255236,152,73,동해,75,삼척,2,0.9517722677363407,67,양구,0,0.0,876.1158239109936,
160,76,정선,79,영월,33.32833597515892,OK,1,,True,98.45568218392783,264,134,광양,193,남해,0,0.9592316839598641,72,홍천,0,0.0,836.6946170865704,
161,77,원주,81,제천,54.67736209591286,OK,1,,True,98.90895410924155,264,134,광양,193,남해,0,0.9567511477030689,74,횡성,0,0.0,838.2794052055397,
162,78,평창,81,제천,6.809098714004184,OK,1,,True,98.46439248698188,264,134,광양,193,남해,0,0.9585821313530848,74,횡성,0,0.0,832.3965269304463,
163,79,영월,80,태백,17.965416113888196,OK,1,,True,98.41089883650373,264,134,광양,193,남해,0,0.9603622146862202,72,홍천,0,0.0,831.9989896433108,
164,79,영월,81,제천,31.154373099771078,OK,1,,True,98.47550651709305,264,134,광양,193,남해,0,0.9601009824158468,72,홍천,0,0.0,831.9773287623102,
165,79,영월,83,단양,43.81958914935826,OK,1,,True,98.09365748840663,264,134,광양,193,남해,0,0.9448183741583849,83,단양,0,0.0,843.3789863823331,
166,80,태백,82,울진,48.20813752753507,LIMIT_VIOLATION,1,,True,250.37059413094232,155,73,동해,80,태백,10,0.8903491180500979,74,횡성,16,0.05374638528293707,1846.357467974056,
167,81,제천,84,충주,86.94960445383913,LIMIT_VIOLATION,1,,True,102.76978869445563,43,16,남양주,28,양평,2,0.9504040504887226,72,홍천,0,0.0,857.9130795476522,
168,81,제천,86,영주,8.341558846758613,OK,1,,True,98.7991566873467,264,134,광양,193,남해,0,0.9592493812428157,74,횡성,0,0.0,831.0828520560026,
169,82,울진,85,봉화,41.49661322782802,OK,1,,True,98.14166233183926,264,134,광양,193,남해,0,0.9599941384651229,72,홍천,0,0.0,834.5564670576423,
170,82,울진,86,영주,79.61851623897952,LIMIT_VIOLATION,1,,True,100.29502781983848,43,16,남양주,28,양평,1,0.9586915122185548,72,홍천,0,0.0,853.8290301077795,
171,82,울진,94,영덕,43.94351599387941,OK,1,,True,97.46726444918865,264,134,광양,193,남해,0,0.9595979228078391,72,홍천,0,0.0,835.0135873788968,
172,83,단양,89,문경,17.878673091630716,OK,1,,True,98.31638306857586,264,134,광양,193,남해,0,0.959730994454086,72,홍천,0,0.0,832.9335463661118,
173,85,봉화,86,영주,16.746235387992463,OK,1,,True,98.34260797966348,264,134,광양,193,남해,0,0.9602837087749595,72,홍천,0,0.0,830.7234778948769,
174,86,영주,87,예천,32.748136928932034,OK,1,,True,97.43176741531985,264,134,광양,193,남해,0,0.9593290756986714,72,홍천,0,0.0,836.967721080815,
175,86,영주,89,문경,26.702461709961344,OK,1,,True,98.4966849699391,264,134,광양,193,남해,0,0.9599459276024932,72,홍천,0,0.0,833.7110470446496,
176,86,영주,90,경북,14.47944360298156,OK,1,,True,98.41178039148335,264,134,광양,193,남해,0,0.9601330973881131,72,홍천,0,0.0,832.4504342285363,
177,86,영주,92,청송,18.40181976793181,OK,1,,True,98.04649391994951,264,134,광양,193,남해,0,0.9596541819012114,72,홍천,0,0.0,834.1437843112508,
178,87,예천,90,경북,3.8248820942688484,OK,1,,True,98.48079513727642,264,134,광양,193,남해,0,0.9601933826678505,72,홍천,0,0.0,832.1116593048791,
179,87,예천,95,의성,29.849296426074023,OK,1,,True,97.40584730192296,264,134,광양,193,남해,0,0.9593332606503922,72,홍천,0,0.0,836.3342089968355,
180,88,영양,92,청송,14.999409303793163,OK,1,,True,98.54673346801576,264,134,광양,193,남해,0,0.9602242346931156,72,홍천,0,0.0,832.9860622711712,
181,88,영양,94,영덕,1.7362241368701192,OK,1,,True,98.4762375572824,264,134,광양,193,남해,0,0.9602209615649615,72,홍천,0,0.0,832.0923086008988,
182,89,문경,93,상주,36.15776450182292,OK,1,,True,98.24440445838714,264,134,광양,193,남해,0,0.9592420409927365,72,홍천,0,0.0,833.5878059116221,
183,90,경북,92,청송,1.754810517670066,OK,1,,True,98.47913869061915,264,134,광양,193,남해,0,0.9601874779797062,72,홍천,0,0.0,832.0612603584304,
184,91,보은,147,영동,5.6511969811791305,ISLANDING,2,192+1,False,nan,,,,,,,nan,,,,nan,nan,AC 계통이 분리되어 단일 slack AC-PF를 생략함
185,92,청송,95,의성,25.201039984503737,OK,1,,True,97.80316842364985,264,134,광양,193,남해,0,0.9596570162652378,72,홍천,0,0.0,835.0268521200633,
186,93,상주,102,옥천,14.34127979780527,OK,1,,True,98.8145611507667,264,134,광양,193,남해,0,0.9598524829452371,72,홍천,0,0.0,831.3546966566355,
187,93,상주,149,구미,13.596529667948925,OK,1,,True,97.98753991115817,264,134,광양,193,남해,0,0.9601821627567331,72,홍천,0,0.0,832.6475434186868,
188,94,영덕,150,북포항,45.45087427297522,OK,1,,True,97.49639045076579,264,134,광양,193,남해,0,0.9595531808899345,72,홍천,0,0.0,836.309068436356,
189,95,의성,146,군위,41.78910619509344,OK,1,,True,97.8763917242545,264,134,광양,193,남해,0,0.9598306555400161,72,홍천,0,0.0,834.828152671922,
190,95,의성,150,북포항,23.95217102600601,OK,1,,True,97.29253305865112,264,134,광양,193,남해,0,0.9594560687441094,72,홍천,0,0.0,837.9511944566038,
191,95,의성,152,칠곡,25.921195536350154,OK,1,,True,98.06842797256384,264,134,광양,193,남해,0,0.9599300836164183,72,홍천,0,0.0,832.7965901158313,
192,96,공주,97,청양,22.30510773140194,OK,1,,True,98.4402371307375,264,134,광양,193,남해,0,0.9602182773392948,72,홍천,0,0.0,833.0367900241254,
193,96,공주,103,부여,23.481264664292965,OK,1,,True,98.375163924908,264,134,광양,193,남해,0,0.9602060650111529,72,홍천,0,0.0,833.0884965705773,
194,97,청양,100,보령,63.91642497238755,LIMIT_VIOLATION,1,,True,150.89010486218717,131,60,예산,100,보령,1,0.9604964923989068,72,홍천,0,0.0,899.6594566005515,
195,97,청양,102,옥천,21.687557730624558,OK,1,,True,98.23932525228074,264,134,광양,193,남해,0,0.9602911004928665,72,홍천,0,0.0,835.3434974143311,
196,97,청양,104,논산,21.73340838345801,OK,1,,True,98.5179417924048,264,134,광양,193,남해,0,0.9602728820391251,72,홍천,0,0.0,834.7844617264782,
197,97,청양,109,익산,12.095652033008252,OK,1,,True,98.01014787544781,264,134,광양,193,남해,0,0.9601587757689449,72,홍천,0,0.0,832.1373811042286,
198,98,대전세종충남,102,옥천,36.35365965868423,OK,1,,True,98.54214363147098,264,134,광양,193,남해,0,0.9601713592880623,72,홍천,0,0.0,833.6284378750424,
199,99,대덕유성,101,서대전,24.56561597630022,OK,1,,True,98.39059387025554,264,134,광양,193,남해,0,0.960189439149813,72,홍천,0,0.0,832.6209779664496,
200,99,대덕유성,104,논산,33.05305964821296,OK,1,,True,98.39726879148398,264,134,광양,193,남해,0,0.9602088486381268,72,홍천,0,0.0,834.2951787894708,
201,100,보령,103,부여,22.8897468188279,OK,1,,True,98.65615320907636,264,134,광양,193,남해,0,0.9602588426217907,72,홍천,0,0.0,834.8706684723729,
202,101,서대전,102,옥천,29.238166852556212,OK,1,,True,98.59580316843652,264,134,광양,193,남해,0,0.9601886684436783,72,홍천,0,0.0,833.4541667062585,
203,102,옥천,104,논산,15.646340110235199,OK,1,,True,98.2110234375285,264,134,광양,193,남해,0,0.9602533397407759,72,홍천,0,0.0,833.5222740592144,
204,102,옥천,105,금산,3.614752709440303,OK,1,,True,98.45442585190298,264,134,광양,193,남해,0,0.960217865830221,72,홍천,0,0.0,832.0768300421041,
205,102,옥천,107,무주,12.837961895976768,OK,1,,True,99.79596107709621,264,134,광양,193,남해,0,0.9599911123292845,72,홍천,0,0.0,831.6883249615639,
206,102,옥천,119,남원,36.29527093260385,OK,1,,True,95.12527468812178,43,16,남양주,28,양평,0,0.9597551978395907,72,홍천,0,0.0,843.1095988294401,
207,103,부여,104,논산,18.628872623464765,OK,1,,True,98.45099592842023,264,134,광양,193,남해,0,0.9602258160556678,72,홍천,0,0.0,832.5663111891772,
208,103,부여,108,군산,8.198747449900585,OK,1,,True,98.37905940257451,264,134,광양,193,남해,0,0.9602078640909423,72,홍천,0,0.0,832.0338897072215,
209,104,논산,109,익산,21.7786654322392,OK,1,,True,98.09692601331996,264,134,광양,193,남해,0,0.9601960214238862,72,홍천,0,0.0,832.6120268622908,
210,105,금산,107,무주,11.632455246508169,OK,1,,True,98.66698166889675,264,134,광양,193,남해,0,0.9601842629904948,72,홍천,0,0.0,832.2198925924167,
211,106,서천,108,군산,91.05747455712256,ISLANDING,2,192+1,False,nan,,,,,,,nan,,,,nan,nan,AC 계통이 분리되어 단일 slack AC-PF를 생략함
212,107,무주,147,영동,11.870137422870036,ISLANDING,2,191+2,False,nan,,,,,,,nan,,,,nan,nan,AC 계통이 분리되어 단일 slack AC-PF를 생략함
213,107,무주,161,고령,23.094242058936885,LIMIT_VIOLATION,1,,True,102.50849115804041,264,134,광양,193,남해,1,0.9595300012324867,72,홍천,0,0.0,832.707542497621,
214,108,군산,109,익산,1.854238048497601,OK,1,,True,98.51864152533977,264,134,광양,193,남해,0,0.9602188114258838,72,홍천,0,0.0,832.0769769216568,
215,109,익산,110,전북,19.949394817201334,OK,1,,True,98.7629458716927,264,134,광양,193,남해,0,0.9602427805111412,72,홍천,0,0.0,833.5145918909839,
216,109,익산,111,김제,46.9761668823431,LIMIT_VIOLATION,1,,True,102.32872078765173,242,124,영광,126,광주전남,1,0.9598302340673415,72,홍천,0,0.0,846.5053029710252,
217,109,익산,117,정읍,12.587235991571985,OK,1,,True,98.23654963063608,264,134,광양,193,남해,0,0.9601941261624205,72,홍천,0,0.0,832.2404536523973,
218,110,전북,112,진안,6.023576808020145,ISLANDING,2,191+2,False,nan,,,,,,,nan,,,,nan,nan,AC 계통이 분리되어 단일 slack AC-PF를 생략함
219,110,전북,113,남전주,13.071391232760615,OK,1,,True,98.3120626441225,264,134,광양,193,남해,0,0.9601962283241081,72,홍천,0,0.0,832.1596301268874,
220,111,김제,113,남전주,33.54607630129257,OK,1,,True,98.62564130822243,264,134,광양,193,남해,0,0.9602314602688029,72,홍천,0,0.0,834.9138230388635,
221,111,김제,114,부안,2.7447173290401787,OK,1,,True,98.4975590495529,264,134,광양,193,남해,0,0.9602165818492165,72,홍천,0,0.0,832.0612989293877,
222,111,김제,124,영광,68.23751721649705,LIMIT_VIOLATION,1,,True,118.88776066523508,242,124,영광,126,광주전남,2,0.9595680008387187,72,홍천,0,0.0,877.3117949254083,
223,112,진안,115,장수,3.0529212948582822,ISLANDING,2,192+1,False,nan,,,,,,,nan,,,,nan,nan,AC 계통이 분리되어 단일 slack AC-PF를 생략함
224,113,남전주,116,임실,19.710117925259866,OK,1,,True,98.1672359477958,264,134,광양,193,남해,0,0.9601563104976142,72,홍천,0,0.0,833.2663535020693,
225,113,남전주,117,정읍,22.659238513275707,OK,1,,True,98.24141771660014,264,134,광양,193,남해,0,0.9601993359780466,72,홍천,0,0.0,833.6158203612431,
226,114,부안,117,정읍,6.360769397113934,OK,1,,True,98.41014741534644,264,134,광양,193,남해,0,0.9602094843183838,72,홍천,0,0.0,832.0550767399254,
227,116,임실,119,남원,24.12439876831395,OK,1,,True,98.1040968823604,264,134,광양,193,남해,0,0.960142853430059,72,홍천,0,0.0,833.9726688318333,
228,117,정읍,118,고창,59.320761248418286,LIMIT_VIOLATION,1,,True,101.08479128164541,242,124,영광,126,광주전남,1,0.9601251595687902,72,홍천,0,0.0,840.4760740132333,
229,117,정읍,122,담양,6.465159217196895,OK,1,,True,98.28681625117302,264,134,광양,193,남해,0,0.9602022661617278,72,홍천,0,0.0,832.1399957216636,
230,119,남원,124,영광,48.05853681267851,LIMIT_VIOLATION,1,,True,119.62080435743223,242,124,영광,126,광주전남,1,0.960346095256284,72,홍천,0,0.0,852.8714595128695,
231,119,남원,126,광주전남,8.977555095712257,OK,1,,True,97.87238831274902,264,134,광양,193,남해,0,0.9602280001891544,72,홍천,0,0.0,832.6280122953176,
232,119,남원,134,광양,6.345455994728129,LIMIT_VIOLATION,1,,True,100.41658324587739,264,134,광양,193,남해,1,0.9602400482491872,72,홍천,0,0.0,832.4056598051684,
233,119,남원,173,의령,4.871229756138106,OK,1,,True,98.33196075670946,264,134,광양,193,남해,0,0.9602076928007921,72,홍천,0,0.0,832.1936740929232,
234,120,순창,123,곡성,3.9038941743493814,ISLANDING,2,192+1,False,nan,,,,,,,nan,,,,nan,nan,AC 계통이 분리되어 단일 slack AC-PF를 생략함
235,121,장성,124,영광,59.06555943607028,LIMIT_VIOLATION,1,,True,108.8773871247823,242,124,영광,126,광주전남,1,0.9602497518824299,72,홍천,0,0.0,840.3589515233616,
236,121,장성,126,광주전남,5.371342901553614,OK,1,,True,98.4929782723853,264,134,광양,193,남해,0,0.9602168683940149,72,홍천,0,0.0,832.0462796855718,
237,121,장성,128,광산,45.260385353782354,OK,1,,True,99.45993502245464,264,134,광양,193,남해,0,0.9602331868307731,72,홍천,0,0.0,839.0452272553375,
238,122,담양,126,광주전남,13.915340344273396,OK,1,,True,98.05743732879085,264,134,광양,193,남해,0,0.9601866436024079,72,홍천,0,0.0,832.684464312144,
239,123,곡성,125,구례,2.5325956945676587,ISLANDING,2,192+1,False,nan,,,,,,,nan,,,,nan,nan,AC 계통이 분리되어 단일 slack AC-PF를 생략함
240,123,곡성,126,광주전남,12.872232146084439,OK,1,,True,99.29387142132666,264,134,광양,193,남해,0,0.9602311787368708,72,홍천,0,0.0,832.977486118325,
241,123,곡성,133,순천,0.6899065654310027,OK,1,,True,98.50553470269148,264,134,광양,193,남해,0,0.9602156781521143,72,홍천,0,0.0,832.0431493309588,
242,124,영광,126,광주전남,93.06704605640644,LIMIT_VIOLATION,1,,True,117.4480746185357,235,121,장성,124,영광,2,0.9604565390770586,72,홍천,0,0.0,889.3016863063967,
243,126,광주전남,127,서광주,56.14237016916349,OK,1,,True,99.1834149722165,264,134,광양,193,남해,0,0.9602264242850567,72,홍천,0,0.0,835.1186215130147,
244,126,광주전남,130,화순,34.073918798131764,LIMIT_VIOLATION,1,,True,104.42982061105523,243,126,광주전남,127,서광주,2,0.9602630757728321,72,홍천,0,0.0,837.7860646902554,
245,127,서광주,130,화순,2.7617347009509228,OK,1,,True,98.49908149836291,264,134,광양,193,남해,0,0.9602156858614286,72,홍천,0,0.0,832.039462806657,
246,127,서광주,131,나주,20.713791986815377,OK,1,,True,98.75445801559775,264,134,광양,193,남해,0,0.9602195751131816,72,홍천,0,0.0,833.0242234223115,
247,128,광산,131,나주,6.669144488522169,OK,1,,True,98.38189568406138,264,134,광양,193,남해,0,0.9602129501084984,72,홍천,0,0.0,832.306604110141,
248,129,함평,132,무안,5.945581020639121,ISLANDING,2,192+1,False,nan,,,,,,,nan,,,,nan,nan,AC 계통이 분리되어 단일 slack AC-PF를 생략함
249,130,화순,131,나주,17.342830798983876,OK,1,,True,98.5570008110332,264,134,광양,193,남해,0,0.9602158318401998,72,홍천,0,0.0,832.7704029664601,
250,130,화순,133,순천,4.892471010969239,OK,1,,True,98.76354812459618,264,134,광양,193,남해,0,0.9602209126928384,72,홍천,0,0.0,832.1536448065308,
251,130,화순,136,영암,22.784391107929363,LIMIT_VIOLATION,1,,True,100.85049915665651,264,134,광양,193,남해,1,0.9602585580879325,72,홍천,0,0.0,836.7062302335689,
252,131,나주,135,목포,14.401104058972122,OK,1,,True,98.76648478322873,264,134,광양,193,남해,0,0.9602205046218775,72,홍천,0,0.0,832.8881083383458,
253,131,나주,136,영암,2.6849782411423604,OK,1,,True,98.47032183194862,264,134,광양,193,남해,0,0.9602150229225455,72,홍천,0,0.0,832.0645106381126,
254,132,무안,135,목포,0.6521460611507282,OK,1,,True,98.48507471288623,264,134,광양,193,남해,0,0.9602153652804226,72,홍천,0,0.0,832.0377509284444,
255,132,무안,136,영암,18.590168350120642,OK,1,,True,98.46282867642473,264,134,광양,193,남해,0,0.9602132527045637,72,홍천,0,0.0,833.6184069154551,
256,132,무안,139,신안,1.4395963169615262,OK,1,,True,98.4866700494647,264,134,광양,193,남해,0,0.960215267090909,72,홍천,0,0.0,832.0530245330156,
257,133,순천,134,광양,17.97166023468245,OK,1,,True,97.16050196136354,264,134,광양,193,남해,0,0.9601862441975847,72,홍천,0,0.0,833.8862054347264,
258,133,순천,137,여수,3.327925056026432,OK,1,,True,98.50052532027216,264,134,광양,193,남해,0,0.9602159547146104,72,홍천,0,0.0,832.042473141104,
259,133,순천,138,보성,8.09132051966354,OK,1,,True,98.37922721141872,264,134,광양,193,남해,0,0.9602128452013192,72,홍천,0,0.0,832.2925349867,
260,133,순천,142,고흥,7.040599369607061,OK,1,,True,98.44068595690095,264,134,광양,193,남해,0,0.960214247881431,72,홍천,0,0.0,832.224501338249,
261,134,광양,136,영암,8.315750069804352,OK,1,,True,97.27173932097023,264,134,광양,193,남해,0,0.9601864736296277,72,홍천,0,0.0,832.72418195926,
262,134,광양,137,여수,28.210431182057803,OK,1,,True,97.35595921235918,264,134,광양,193,남해,0,0.9601739688314251,72,홍천,0,0.0,862.1173235676251,
263,134,광양,188,하동,20.800812720668695,LIMIT_VIOLATION,1,,True,104.90061429908448,264,134,광양,193,남해,1,0.9601850152545113,72,홍천,0,0.0,832.4402075433318,
264,134,광양,193,남해,98.48227616464801,LIMIT_VIOLATION,1,,True,124.47613058221299,263,134,광양,188,하동,3,0.959470040349744,72,홍천,0,0.0,899.7108942073392,
265,135,목포,139,신안,2.3158342595572683,OK,1,,True,98.48752066846923,264,134,광양,193,남해,0,0.9602153701932029,72,홍천,0,0.0,832.0577085117257,
266,135,목포,141,강진,5.004533589993412,OK,1,,True,98.43160998999586,264,134,광양,193,남해,0,0.9602139971510406,72,홍천,0,0.0,832.1589883587876,
267,135,목포,144,진도,2.0506732033343056,OK,1,,True,98.49889437084859,264,134,광양,193,남해,0,0.9602155359664765,72,홍천,0,0.0,832.0689831500204,
268,136,영암,141,강진,17.612524142104686,OK,1,,True,98.66607684492338,264,134,광양,193,남해,0,0.9602184149803282,72,홍천,0,0.0,832.8772789532377,
269,136,영암,143,해남,19.402576832585623,OK,1,,True,98.59822051501226,264,134,광양,193,남해,0,0.9602164500725787,72,홍천,0,0.0,833.367898640121,
270,137,여수,142,고흥,5.136778237928344,OK,1,,True,98.40371248643342,264,134,광양,193,남해,0,0.9602136205097889,72,홍천,0,0.0,832.13205217215,
271,138,보성,140,장흥,7.962248600030102,OK,1,,True,98.16714301172215,264,134,광양,193,남해,0,0.9602083141959682,72,홍천,0,0.0,832.2915262469469,
272,140,장흥,141,강진,2.786071169582142,OK,1,,True,98.37187260892591,264,134,광양,193,남해,0,0.9602129658099549,72,홍천,0,0.0,832.0558986352407,
273,141,강진,143,해남,9.757412750584022,OK,1,,True,98.42099829145846,264,134,광양,193,남해,0,0.9602137095367725,72,홍천,0,0.0,832.3387111099728,
274,143,해남,144,진도,3.155440614639554,OK,1,,True,98.46939303450624,264,134,광양,193,남해,0,0.9602148866719116,72,홍천,0,0.0,832.1101281599258,
275,143,해남,145,완도,15.045226130451617,ISLANDING,2,192+1,False,nan,,,,,,,nan,,,,nan,nan,AC 계통이 분리되어 단일 slack AC-PF를 생략함
276,146,군위,149,구미,37.46506903099808,OK,1,,True,97.9360908723368,264,134,광양,193,남해,0,0.9598686527781194,72,홍천,0,0.0,833.9764523001941,
277,148,김천,149,구미,19.056490818378823,OK,1,,True,98.44775108659113,264,134,광양,193,남해,0,0.9578654686834477,148,김천,0,0.0,833.7433180706721,
278,148,김천,154,성주,14.863391752717913,OK,1,,True,98.51538746102261,264,134,광양,193,남해,0,0.9602057522789772,72,홍천,0,0.0,833.059632484903,
279,149,구미,152,칠곡,43.51026558661302,LIMIT_VIOLATION,1,,True,99.64027045571557,264,134,광양,193,남해,0,0.9435832030034117,149,구미,1,0.006416796996588259,849.9110572050704,
280,149,구미,155,대구,1.3946438075427723,OK,1,,True,98.47848751896005,264,134,광양,193,남해,0,0.9602086683255695,72,홍천,0,0.0,832.0679251216789,
281,150,북포항,151,포항,11.385464062786214,OK,1,,True,98.07044720164495,264,134,광양,193,남해,0,0.9597771388384443,72,홍천,0,0.0,832.0497657578962,
282,150,북포항,158,경주,6.4240928998525,OK,1,,True,98.44486835805027,264,134,광양,193,남해,0,0.9601909136716921,72,홍천,0,0.0,832.1211807617947,
283,151,포항,152,칠곡,11.38333131207224,OK,1,,True,98.38498760039876,264,134,광양,193,남해,0,0.9600447404689633,72,홍천,0,0.0,832.3951223177719,
284,151,포항,158,경주,7.018285123560345,OK,1,,True,98.4554848788492,264,134,광양,193,남해,0,0.9602058772605795,72,홍천,0,0.0,832.155213699516,
285,151,포항,166,동울산,30.907600740777468,OK,1,,True,99.35435458297697,264,134,광양,193,남해,0,0.9602054224220891,72,홍천,0,0.0,840.605082790702,
286,152,칠곡,154,성주,30.096402479380817,OK,1,,True,98.55345839029962,264,134,광양,193,남해,0,0.951561878355565,154,성주,0,0.0,836.1642154341971,
287,152,칠곡,155,대구,17.63137013638293,OK,1,,True,98.45781207479862,264,134,광양,193,남해,0,0.9602132581678802,72,홍천,0,0.0,832.6603313712112,
288,152,칠곡,157,서대구,18.579787264966146,OK,1,,True,98.45630514696805,264,134,광양,193,남해,0,0.9602113923015053,72,홍천,0,0.0,832.7294838046946,
289,152,칠곡,160,남대구,20.213853642656044,OK,1,,True,98.43772068561883,264,134,광양,193,남해,0,0.9602030091249598,72,홍천,0,0.0,832.9040128355846,
290,152,칠곡,161,고령,30.44444921270952,OK,1,,True,98.88212273218232,264,134,광양,193,남해,0,0.9603155719769426,72,홍천,0,0.0,839.0182062620588,
291,152,칠곡,168,창녕,39.93329918131461,OK,1,,True,99.15166843247012,264,134,광양,193,남해,0,0.9601549439907288,72,홍천,0,0.0,843.8762201082718,
292,153,영천,158,경주,12.334990774100211,OK,1,,True,98.43082495098092,264,134,광양,193,남해,0,0.9601895041627411,72,홍천,0,0.0,832.2688140038081,
293,153,영천,159,경산,9.982194462888181,OK,1,,True,98.52258594543903,264,134,광양,193,남해,0,0.9602206901340152,72,홍천,0,0.0,832.8706123062439,
294,155,대구,159,경산,33.16109540464722,OK,1,,True,98.6302748526376,264,134,광양,193,남해,0,0.960169609798815,72,홍천,0,0.0,834.1191219189059,
295,156,동대구,159,경산,22.879347131767275,ISLANDING,2,192+1,False,nan,,,,,,,nan,,,,nan,nan,AC 계통이 분리되어 단일 slack AC-PF를 생략함
296,157,서대구,160,남대구,6.353470099846955,OK,1,,True,98.47363304045456,264,134,광양,193,남해,0,0.9602095256955897,72,홍천,0,0.0,832.0894056105462,
297,158,경주,166,동울산,24.99799695775273,OK,1,,True,98.58552361970932,264,134,광양,193,남해,0,0.9602121607152568,72,홍천,0,0.0,833.7758360921725,
298,158,경주,167,울산,21.769617548861994,OK,1,,True,98.58248823678665,264,134,광양,193,남해,0,0.9602154054621413,72,홍천,0,0.0,833.4132438190136,
299,159,경산,163,청도,38.04836143164182,OK,1,,True,98.78462671131142,264,134,광양,193,남해,0,0.9602918903500453,72,홍천,0,0.0,844.4389966006129,
300,159,경산,165,서울산,15.286473164122178,OK,1,,True,98.50851140342719,264,134,광양,193,남해,0,0.960154632030531,72,홍천,0,0.0,832.5184582122456,
301,160,남대구,161,고령,39.445015155513985,OK,1,,True,98.54343279607569,264,134,광양,193,남해,0,0.960254113382123,72,홍천,0,0.0,835.9304322557437,
302,160,남대구,168,창녕,47.11829865729895,OK,1,,True,98.65906586497269,264,134,광양,193,남해,0,0.9601752830321336,72,홍천,0,0.0,838.0497428769886,
303,161,고령,164,합천,3.908885990659911,OK,1,,True,98.39074553657433,264,134,광양,193,남해,0,0.9602107407122372,72,홍천,0,0.0,832.2401786801638,
304,161,고령,168,창녕,36.47193243290585,OK,1,,True,98.78244862118676,264,134,광양,193,남해,0,0.9599718495536439,72,홍천,0,0.0,838.436039402266,
305,161,고령,173,의령,39.51798132769808,LIMIT_VIOLATION,1,,True,103.09138666907356,264,134,광양,193,남해,1,0.9603818473388609,72,홍천,0,0.0,842.1089575117658,
306,162,거창,164,합천,1.7053919652012781,OK,1,,True,98.52389154968901,264,134,광양,193,남해,0,0.9602156447206189,72,홍천,0,0.0,832.0391271846893,
307,162,거창,169,함양,8.293080321554033,OK,1,,True,98.68306480157948,264,134,광양,193,남해,0,0.9602206045994438,72,홍천,0,0.0,832.5078793020803,
308,163,청도,168,창녕,35.060629354204224,OK,1,,True,98.56063386644088,264,134,광양,193,남해,0,0.9602634311718652,72,홍천,0,0.0,841.7844329324435,
309,163,청도,170,밀양,14.546430121428008,OK,1,,True,98.54280344841445,264,134,광양,193,남해,0,0.9602212045643757,72,홍천,0,0.0,832.1936407902249,
310,165,서울산,166,동울산,65.33316058084027,LIMIT_VIOLATION,1,,True,110.75324378164233,313,166,동울산,167,울산,1,0.960012468858844,72,홍천,0,0.0,851.1126292744448,
311,165,서울산,167,울산,30.598132677878,OK,1,,True,98.4817122264379,264,134,광양,193,남해,0,0.9602055466006759,72,홍천,0,0.0,832.9785309557628,
312,165,서울산,172,양산,21.402510458996595,OK,1,,True,98.57790017083587,264,134,광양,193,남해,0,0.9602368521252961,72,홍천,0,0.0,832.6163390084403,
313,166,동울산,167,울산,57.11198286195247,LIMIT_VIOLATION,1,,True,100.66923913741326,310,165,서울산,166,동울산,1,0.9599418943771594,72,홍천,0,0.0,843.4123153344408,
314,167,울산,175,기장,47.21848546204206,OK,1,,True,98.9223275665137,264,134,광양,193,남해,0,0.960377305491493,72,홍천,0,0.0,839.5009178944892,
315,167,울산,181,북부산,12.935936926377952,OK,1,,True,98.64249372499782,264,134,광양,193,남해,0,0.9602585118593829,72,홍천,0,0.0,832.8861059190967,
316,168,창녕,170,밀양,6.484824187140749,OK,1,,True,98.46574453516827,264,134,광양,193,남해,0,0.9602170928504158,72,홍천,0,0.0,832.2536687562242,
317,168,창녕,175,기장,19.756777239580565,LIMIT_VIOLATION,1,,True,105.50585883038883,332,175,기장,179,동래,2,0.95527773142915,148,김천,0,0.0,912.1422665933351,
318,168,창녕,176,마산,17.244151967046896,OK,1,,True,98.70608463267551,264,134,광양,193,남해,0,0.9602403065033963,72,홍천,0,0.0,832.2857170159114,
319,169,함양,173,의령,12.445774518616453,OK,1,,True,98.78494841589367,264,134,광양,193,남해,0,0.9602226063194376,72,홍천,0,0.0,833.186631227858,
320,170,밀양,172,양산,6.763304013209047,OK,1,,True,98.48448254666806,264,134,광양,193,남해,0,0.9602131482281011,72,홍천,0,0.0,831.9070497793728,
321,170,밀양,177,경남,18.411075437655004,OK,1,,True,98.63487374010589,264,134,광양,193,남해,0,0.9602320552194787,72,홍천,0,0.0,832.633102228865,
322,171,산청,173,의령,2.1040063934171833,ISLANDING,2,192+1,False,nan,,,,,,,nan,,,,nan,nan,AC 계통이 분리되어 단일 slack AC-PF를 생략함
323,172,양산,175,기장,42.76785679555842,OK,1,,True,98.42666958383178,264,134,광양,193,남해,0,0.9602070584850522,72,홍천,0,0.0,833.9280896361015,
324,172,양산,178,김해,9.32833952147496,OK,1,,True,98.42370826509949,264,134,광양,193,남해,0,0.9602057854422029,72,홍천,0,0.0,832.0514329138095,
325,172,양산,179,동래,28.106300339493078,OK,1,,True,98.46757044033036,264,134,광양,193,남해,0,0.9602119277784525,72,홍천,0,0.0,832.8612567871751,
326,172,양산,181,북부산,18.869971941935177,OK,1,,True,98.48708065282642,264,134,광양,193,남해,0,0.9602145185330141,72,홍천,0,0.0,832.5279804220627,
327,173,의령,174,함안,15.799562481387436,OK,1,,True,97.42506608334878,264,134,광양,193,남해,0,0.9601460105668751,72,홍천,0,0.0,831.9771868059615,
328,173,의령,180,진주,14.609607987894579,OK,1,,True,98.14344530888175,264,134,광양,193,남해,0,0.9602151357693474,72,홍천,0,0.0,832.1949467869854,
329,173,의령,193,남해,29.23491895688964,LIMIT_VIOLATION,1,,True,122.75880433284652,264,134,광양,193,남해,1,0.9604395785106962,72,홍천,0,0.0,841.9382665592275,
330,174,함안,176,마산,27.705484352272798,OK,1,,True,96.5071173739061,264,134,광양,193,남해,0,0.9600034539429235,72,홍천,0,0.0,834.1488147459168,
331,174,함안,180,진주,7.053245264820617,OK,1,,True,98.3966524190007,264,134,광양,193,남해,0,0.9602190230610627,72,홍천,0,0.0,832.1283649817778,
332,175,기장,179,동래,68.82757062312538,OK,1,,True,98.23962264594718,264,134,광양,193,남해,0,0.9601896026861249,72,홍천,0,0.0,838.8294705057342,
333,175,기장,181,북부산,45.53170144504507,OK,1,,True,98.27857735036548,264,134,광양,193,남해,0,0.9601945144787419,72,홍천,0,0.0,835.329818491271,
334,175,기장,184,남부산,36.06100872658794,OK,1,,True,98.45722046826535,264,134,광양,193,남해,0,0.9602128682902361,72,홍천,0,0.0,832.6639064217452,
335,176,마산,177,경남,31.08494318358953,OK,1,,True,99.60787367095033,264,134,광양,193,남해,0,0.9603678152420965,72,홍천,0,0.0,838.6127872170327,
336,176,마산,189,고성,43.16669544529317,OK,1,,True,98.40362248637761,264,134,광양,193,남해,0,0.9602118513300437,72,홍천,0,0.0,837.3643962968345,
337,176,마산,190,사천,69.4876411319743,LIMIT_VIOLATION,1,,True,106.76868998433993,351,183,진해,190,사천,2,0.9601898960803925,72,홍천,0,0.0,867.1906117485632,
338,177,경남,178,김해,26.53505928760742,OK,1,,True,98.52749024194001,264,134,광양,193,남해,0,0.9602213180384549,72,홍천,0,0.0,833.2894841960369,
339,177,경남,181,북부산,9.150163623630274,OK,1,,True,98.29219102592536,264,134,광양,193,남해,0,0.9601745123246597,72,홍천,0,0.0,831.7134090351756,
340,177,경남,182,서부산,30.97450047514252,OK,1,,True,98.631383511941,264,134,광양,193,남해,0,0.9602318771792323,72,홍천,0,0.0,841.4053876366961,
341,177,경남,183,진해,40.47066993173865,OK,1,,True,98.59121299414207,264,134,광양,193,남해,0,0.96024204565434,72,홍천,0,0.0,841.5994972112385,
342,178,김해,182,서부산,12.242304740905428,OK,1,,True,98.50521201050132,264,134,광양,193,남해,0,0.9602186625060444,72,홍천,0,0.0,832.416828700254,
343,178,김해,183,진해,28.839066847218074,OK,1,,True,98.53632243805112,264,134,광양,193,남해,0,0.9602226228083278,72,홍천,0,0.0,833.7149902044621,
344,179,동래,181,북부산,21.510168216933163,OK,1,,True,98.40868532955068,264,134,광양,193,남해,0,0.9602079031184511,72,홍천,0,0.0,832.4100673668872,
345,179,동래,184,남부산,8.17349854271018,OK,1,,True,98.49685001332004,264,134,광양,193,남해,0,0.960216921620329,72,홍천,0,0.0,832.6206858236837,
346,179,동래,185,부산울산,24.905184361906148,OK,1,,True,98.46653288231698,264,134,광양,193,남해,0,0.9602138593144762,72,홍천,0,0.0,832.4621174110071,
347,180,진주,188,하동,4.178353920817738,OK,1,,True,98.6465559002505,264,134,광양,193,남해,0,0.9602064559983072,72,홍천,0,0.0,832.018746315036,
348,180,진주,190,사천,61.80084372650339,OK,1,,True,98.73376727226675,264,134,광양,193,남해,0,0.960115600053394,72,홍천,0,0.0,840.1013566422771,
349,181,북부산,185,부산울산,6.873181844730723,OK,1,,True,98.48690353251125,264,134,광양,193,남해,0,0.9602158423473698,72,홍천,0,0.0,832.1197708530235,
350,181,북부산,186,중부산,22.505877840349736,ISLANDING,2,191+2,False,nan,,,,,,,nan,,,,nan,nan,AC 계통이 분리되어 단일 slack AC-PF를 생략함
351,183,진해,190,사천,64.66624599846163,LIMIT_VIOLATION,1,,True,114.00428385502575,337,176,마산,190,사천,1,0.960307923101903,72,홍천,0,0.0,867.9451252352592,
352,186,중부산,187,영도,2.7338847654135026,ISLANDING,2,192+1,False,nan,,,,,,,nan,,,,nan,nan,AC 계통이 분리되어 단일 slack AC-PF를 생략함
353,188,하동,193,남해,24.41833782438141,LIMIT_VIOLATION,1,,True,106.13405363564637,264,134,광양,193,남해,1,0.9602159334218414,72,홍천,0,0.0,833.2510112117889,
354,189,고성,190,사천,10.784871509822395,OK,1,,True,98.47232408089708,264,134,광양,193,남해,0,0.960215287285155,72,홍천,0,0.0,832.1957215186994,
355,189,고성,191,거제,4.305056475661266,OK,1,,True,98.48248664524766,264,134,광양,193,남해,0,0.9602155174499617,72,홍천,0,0.0,832.0945923535328,
356,189,고성,192,통영,23.767665553540102,OK,1,,True,98.4797896134816,264,134,광양,193,남해,0,0.9602151072254044,72,홍천,0,0.0,832.7759517003287,
357,190,사천,192,통영,2.150712696475005,OK,1,,True,98.48377083916964,264,134,광양,193,남해,0,0.9602154322216082,72,홍천,0,0.0,832.0655618400197,
358,191,거제,192,통영,23.21038452332885,OK,1,,True,98.48100129998568,264,134,광양,193,남해,0,0.9602149909888206,72,홍천,0,0.0,833.8673734350305,
359,50,안성,51,평택,28.21778392067065,OK,1,,True,98.47445989054239,264,134,광양,193,남해,0,0.9599772441903265,72,홍천,0,0.0,832.3147492578864,
360,35,시흥,40,안산,30.298888148698744,OK,1,,True,98.48237516603011,264,134,광양,193,남해,0,0.96020643813236,72,홍천,0,0.0,833.1731028686627,
361,52,음성,54,진천,11.866774977444557,OK,1,,True,98.47315866694292,264,134,광양,193,남해,0,0.9599227307616177,72,홍천,0,0.0,832.324957662131,
362,138,보성,142,고흥,2.202010236031464,OK,1,,True,98.46833110087765,264,134,광양,193,남해,0,0.9602150182540168,72,홍천,0,0.0,832.0436128744914,
363,138,보성,142,고흥,2.202010236031464,OK,1,,True,98.46833110087765,264,134,광양,193,남해,0,0.9602150182540168,72,홍천,0,0.0,832.0436128744914,
364,25,인천,32,광명,13.014073629574366,OK,1,,True,98.48431097926586,264,134,광양,193,남해,0,0.9602122061142445,72,홍천,0,0.0,831.943502929571,
365,20,하남,22,강동송파,4.95050837088231,OK,1,,True,98.48226297517299,264,134,광양,193,남해,0,0.9600658663140993,72,홍천,0,0.0,832.0620524537517,
366,9,노원도봉,13,동대문중랑,0.4092605826230862,OK,1,,True,98.482284593704,264,134,광양,193,남해,0,0.9602152280216186,72,홍천,0,0.0,832.0291968072415,
367,24,강서양천,26,부천,3.020070847459055,OK,1,,True,98.48236130501259,264,134,광양,193,남해,0,0.9602153135082914,72,홍천,0,0.0,832.0602826011454,
368,45,서용인,48,오산,4.156906175615348,OK,1,,True,98.48123238012661,264,134,광양,193,남해,0,0.9602104187964238,72,홍천,0,0.0,832.0189644521452,
369,90,경북,92,청송,1.7548105216508907,OK,1,,True,98.47913869062414,264,134,광양,193,남해,0,0.9601874779792993,72,홍천,0,0.0,832.0612603593763,
370,118,고창,124,영광,34.60730634616185,OK,1,,True,98.30382203495223,264,134,광양,193,남해,0,0.9601943943455393,72,홍천,0,0.0,834.4091847554664,
371,118,고창,124,영광,34.60730634616185,OK,1,,True,98.30382203495223,264,134,광양,193,남해,0,0.9601943943455393,72,홍천,0,0.0,834.4091847554664,
372,189,고성,192,통영,23.767665322962937,OK,1,,True,98.4797896133888,264,134,광양,193,남해,0,0.9602151072254789,72,홍천,0,0.0,832.7759514792706,
373,45,서용인,48,오산,4.156906175615348,OK,1,,True,98.48123238012661,264,134,광양,193,남해,0,0.9602104187964238,72,홍천,0,0.0,832.0189644521452,
374,25,인천,26,부천,9.373923595157194,OK,1,,True,98.4825792639891,264,134,광양,193,남해,0,0.9602145354931679,72,홍천,0,0.0,832.1355275945098,
375,54,진천,61,동청주,3.195022069346793,OK,1,,True,98.4807215244526,264,134,광양,193,남해,0,0.96020973257543,72,홍천,0,0.0,832.0391019186936,
376,61,동청주,62,충북,27.640745862664613,OK,1,,True,98.48003675496464,264,134,광양,193,남해,0,0.9602032251605757,72,홍천,0,0.0,832.3474254907487,
377,61,동청주,62,충북,27.640745862664613,OK,1,,True,98.48003675496464,264,134,광양,193,남해,0,0.9602032251605757,72,홍천,0,0.0,832.3474254907487,
378,9,노원도봉,13,동대문중랑,0.4092605826230862,OK,1,,True,98.482284593704,264,134,광양,193,남해,0,0.9602152280216186,72,홍천,0,0.0,832.0291968072415,
379,15,구리,16,남양주,3.0347709696958964,OK,1,,True,98.48238135294145,264,134,광양,193,남해,0,0.96021560149067,72,홍천,0,0.0,832.0469075033034,
380,101,서대전,109,익산,26.437125636653246,OK,1,,True,97.9833699456906,264,134,광양,193,남해,0,0.960190658784957,72,홍천,0,0.0,834.3126202183339,
381,155,대구,157,서대구,9.305074291428866,OK,1,,True,98.48248239032667,264,134,광양,193,남해,0,0.960209150230006,72,홍천,0,0.0,832.1272064407967,
382,53,당진,57,아산,48.15500176679611,OK,1,,True,98.54943912139417,264,134,광양,193,남해,0,0.9601588618259166,72,홍천,0,0.0,836.8596628720697,
383,13,동대문중랑,15,구리,4.05701104325573,OK,1,,True,98.48251828361683,264,134,광양,193,남해,0,0.9602164431720678,72,홍천,0,0.0,832.0699277542008,
384,98,대전세종충남,99,대덕유성,14.813210553195505,OK,1,,True,98.52148665247621,264,134,광양,193,남해,0,0.9602135457191436,72,홍천,0,0.0,832.418820379593,
385,132,무안,139,신안,1.4395963100336628,OK,1,,True,98.4866700495553,264,134,광양,193,남해,0,0.9602152670909065,72,홍천,0,0.0,832.0530245335394,
